0.000000, 0.0000000000
1.000000, 0.0000000000
2.000000, -0.0003095355
3.000000, 0.0029371233
4.000000, 0.0200064663
5.000000, 0.0520651774
6.000000, 0.0889915070
7.000000, 0.1404660150
8.000000, 0.2035870189
9.000000, 0.2695809163
10.000000, 0.3411396763
11.000000, 0.4157541576
12.000000, 0.4884944758
13.000000, 0.5620350794
14.000000, 0.6333164090
15.000000, 0.6984566887
16.000000, 0.7588860691
17.000000, 0.8130634003
18.000000, 0.8582217495
19.000000, 0.8963626708
20.000000, 0.9282619114
21.000000, 0.9529940906
22.000000, 0.9712710772
23.000000, 0.9843027307
24.000000, 0.9930593422
25.000000, 0.9980371953
26.000000, 0.9998676310
27.000000, 0.9994809298
28.000000, 0.9975848922
29.000000, 0.9944599036
30.000000, 0.9906721480
31.000000, 0.9867818791
32.000000, 0.9826389377
33.000000, 0.9784167361
34.000000, 0.9744612378
35.000000, 0.9708041022
36.000000, 0.9673795410
37.000000, 0.9643759031
38.000000, 0.9617877086
39.000000, 0.9593733901
40.000000, 0.9573456567
41.000000, 0.9560124426
42.000000, 0.9549752717
43.000000, 0.9537525919
44.000000, 0.9527084206
45.000000, 0.9521329843
46.000000, 0.9515151877
47.000000, 0.9509840810
48.000000, 0.9507678595
49.000000, 0.9506260957
50.000000, 0.9505327080
51.000000, 0.9505721847
52.000000, 0.9506501565
53.000000, 0.9507592466
54.000000, 0.9509038036
55.000000, 0.9510165504
56.000000, 0.9511309304
57.000000, 0.9512578391
58.000000, 0.9513223862
59.000000, 0.9513472897
60.000000, 0.9513809080
61.000000, 0.9513702830
62.000000, 0.9512990398
63.000000, 0.9512199971
64.000000, 0.9511293882
65.000000, 0.9509930145
66.000000, 0.9508299164
67.000000, 0.9506674842
68.000000, 0.9504909663
69.000000, 0.9502887446
70.000000, 0.9500794704
71.000000, 0.9498766979
72.000000, 0.9496661485
73.000000, 0.9494415168
74.000000, 0.9492221716
75.000000, 0.9490124259
76.000000, 0.9487958172
77.000000, 0.9485738976
78.000000, 0.9483636270
79.000000, 0.9481587223
80.000000, 0.9479470664
81.000000, 0.9477372931
82.000000, 0.9475382550
83.000000, 0.9473394923
84.000000, 0.9471353345
85.000000, 0.9469362965
86.000000, 0.9467438427
87.000000, 0.9465486492
88.000000, 0.9463504957
89.000000, 0.9461572400
90.000000, 0.9459669994
91.000000, 0.9457725252
92.000000, 0.9455771665
93.000000, 0.9453868157
94.000000, 0.9451955512
95.000000, 0.9450006623
96.000000, 0.9448070469
97.000000, 0.9446163915
98.000000, 0.9444233285
99.000000, 0.9442280524
100.000000, 0.9440351839
101.000000, 0.9438434770
102.000000, 0.9436489479
103.000000, 0.9434536442
104.000000, 0.9432608032
105.000000, 0.9430680449
106.000000, 0.9428731285
107.000000, 0.9426785167
108.000000, 0.9424857032
109.000000, 0.9422918934
110.000000, 0.9420969494
111.000000, 0.9419030569
112.000000, 0.9417102710
113.000000, 0.9415160740
114.000000, 0.9413214897
115.000000, 0.9411282890
116.000000, 0.9409351710
117.000000, 0.9407409740
118.000000, 0.9405470815
119.000000, 0.9403542680
120.000000, 0.9401608179
121.000000, 0.9399669529
122.000000, 0.9397734202
123.000000, 0.9395806618
124.000000, 0.9393874887
125.000000, 0.9391936513
126.000000, 0.9390008378
127.000000, 0.9388080519
128.000000, 0.9386145742
129.000000, 0.9384214011
130.000000, 0.9382286152
131.000000, 0.9380358293
132.000000, 0.9378426837
133.000000, 0.9376495657
134.000000, 0.9374571119
135.000000, 0.9372643536
136.000000, 0.9370712080
137.000000, 0.9368787542
138.000000, 0.9366863280
139.000000, 0.9364932100
140.000000, 0.9363004241
141.000000, 0.9361083300
142.000000, 0.9359155716
143.000000, 0.9357231454
144.000000, 0.9355306916
145.000000, 0.9353382654
146.000000, 0.9351458667
147.000000, 0.9349534405
148.000000, 0.9347610143
149.000000, 0.9345689477
150.000000, 0.9343768536
151.000000, 0.9341844549
152.000000, 0.9339923884
153.000000, 0.9338003218
154.000000, 0.9336082553
155.000000, 0.9334161612
156.000000, 0.9332241222
157.000000, 0.9330323878
158.000000, 0.9328403488
159.000000, 0.9326482822
160.000000, 0.9324569075
161.000000, 0.9322648685
162.000000, 0.9320731616
163.000000, 0.9318814272
164.000000, 0.9316897478
165.000000, 0.9314980409
166.000000, 0.9313063341
167.000000, 0.9311149869
168.000000, 0.9309236121
169.000000, 0.9307319328
170.000000, 0.9305405581
171.000000, 0.9303492109
172.000000, 0.9301578637
173.000000, 0.9299665440
174.000000, 0.9297751968
175.000000, 0.9295838496
176.000000, 0.9293928345
177.000000, 0.9292015149
178.000000, 0.9290104998
179.000000, 0.9288191801
180.000000, 0.9286281926
181.000000, 0.9284372051
182.000000, 0.9282462176
183.000000, 0.9280552300
184.000000, 0.9278646022
185.000000, 0.9276736147
186.000000, 0.9274829868
187.000000, 0.9272919993
188.000000, 0.9271013714
189.000000, 0.9269107436
190.000000, 0.9267201157
191.000000, 0.9265294879
192.000000, 0.9263388600
193.000000, 0.9261482322
194.000000, 0.9259576043
195.000000, 0.9257673362
196.000000, 0.9255770404
197.000000, 0.9253864401
198.000000, 0.9251961720
199.000000, 0.9250059038
200.000000, 0.9248156356
201.000000, 0.9246253674
202.000000, 0.9244350993
203.000000, 0.9242451908
204.000000, 0.9240549226
205.000000, 0.9238646820
206.000000, 0.9236747459
207.000000, 0.9234848374
208.000000, 0.9232949289
209.000000, 0.9231050204
210.000000, 0.9229151119
211.000000, 0.9227252034
212.000000, 0.9225353225
213.000000, 0.9223457461
214.000000, 0.9221558651
215.000000, 0.9219662888
216.000000, 0.9217767399
217.000000, 0.9215868590
218.000000, 0.9213973102
219.000000, 0.9212077613
220.000000, 0.9210185446
221.000000, 0.9208289958
222.000000, 0.9206394745
223.000000, 0.9204502578
224.000000, 0.9202607366
225.000000, 0.9200715474
226.000000, 0.9198823307
227.000000, 0.9196931416
228.000000, 0.9195039524
229.000000, 0.9193147908
230.000000, 0.9191256017
231.000000, 0.9189367447
232.000000, 0.9187475555
233.000000, 0.9185587260
234.000000, 0.9183695644
235.000000, 0.9181807074
236.000000, 0.9179918779
237.000000, 0.9178030760
238.000000, 0.9176142465
239.000000, 0.9174254170
240.000000, 0.9172369197
241.000000, 0.9170481178
242.000000, 0.9168592883
243.000000, 0.9166708185
244.000000, 0.9164823487
245.000000, 0.9162938514
246.000000, 0.9161053816
247.000000, 0.9159169118
248.000000, 0.9157284695
249.000000, 0.9155399997
250.000000, 0.9153518620
251.000000, 0.9151634198
252.000000, 0.9149752821
253.000000, 0.9147868399
254.000000, 0.9145987297
255.000000, 0.9144106196
256.000000, 0.9142225095
257.000000, 0.9140343994
258.000000, 0.9138466214
259.000000, 0.9136585388
260.000000, 0.9134704287
261.000000, 0.9132826782
262.000000, 0.9130949002
263.000000, 0.9129068177
264.000000, 0.9127190672
265.000000, 0.9125313168
266.000000, 0.9123438984
267.000000, 0.9121561755
268.000000, 0.9119684251
269.000000, 0.9117806746
270.000000, 0.9115932839
271.000000, 0.9114058655
272.000000, 0.9112181426
273.000000, 0.9110307519
274.000000, 0.9108433611
275.000000, 0.9106559703
276.000000, 0.9104689117
277.000000, 0.9102815484
278.000000, 0.9100941577
279.000000, 0.9099071266
280.000000, 0.9097197358
281.000000, 0.9095327047
282.000000, 0.9093456736
283.000000, 0.9091586425
284.000000, 0.9089716114
285.000000, 0.9087845803
286.000000, 0.9085975492
287.000000, 0.9084105181
288.000000, 0.9082238467
289.000000, 0.9080368431
290.000000, 0.9078501442
291.000000, 0.9076634727
292.000000, 0.9074768013
293.000000, 0.9072901299
294.000000, 0.9071034585
295.000000, 0.9069167871
296.000000, 0.9067301156
297.000000, 0.9065438039
298.000000, 0.9063571325
299.000000, 0.9061708207
300.000000, 0.9059845090
301.000000, 0.9057978651
302.000000, 0.9056115258
303.000000, 0.9054252140
304.000000, 0.9052389298
305.000000, 0.9050529502
306.000000, 0.9048666523
307.000000, 0.9046806864
308.000000, 0.9044943747
309.000000, 0.9043084226
310.000000, 0.9041224705
311.000000, 0.9039361863
312.000000, 0.9037502342
313.000000, 0.9035646143
314.000000, 0.9033786622
315.000000, 0.9031927377
316.000000, 0.9030071178
317.000000, 0.9028211657
318.000000, 0.9026355733
319.000000, 0.9024499809
320.000000, 0.9022640564
321.000000, 0.9020784640
322.000000, 0.9018928716
323.000000, 0.9017072792
324.000000, 0.9015220189
325.000000, 0.9013364265
326.000000, 0.9011511938
327.000000, 0.9009656289
328.000000, 0.9007803687
329.000000, 0.9005951359
330.000000, 0.9004099032
331.000000, 0.9002246705
332.000000, 0.9000394378
333.000000, 0.8998542050
334.000000, 0.8996689861
335.000000, 0.8994839332
336.000000, 0.8992988941
337.000000, 0.8991139935
338.000000, 0.8989287883
339.000000, 0.8987439153
340.000000, 0.8985590422
341.000000, 0.8983741692
342.000000, 0.8981896283
343.000000, 0.8980047552
344.000000, 0.8978199097
345.000000, 0.8976350367
346.000000, 0.8974505233
347.000000, 0.8972660099
348.000000, 0.8970814690
349.000000, 0.8968966235
350.000000, 0.8967124423
351.000000, 0.8965279289
352.000000, 0.8963434155
353.000000, 0.8961589297
354.000000, 0.8959747485
355.000000, 0.8957902626
356.000000, 0.8956060952
357.000000, 0.8954219277
358.000000, 0.8952374419
359.000000, 0.8950532882
360.000000, 0.8948691345
361.000000, 0.8946853129
362.000000, 0.8945011868
363.000000, 0.8943170331
364.000000, 0.8941329069
365.000000, 0.8939490853
366.000000, 0.8937652913
367.000000, 0.8935814973
368.000000, 0.8933973436
369.000000, 0.8932135496
370.000000, 0.8930301015
371.000000, 0.8928463212
372.000000, 0.8926625272
373.000000, 0.8924787332
374.000000, 0.8922952988
375.000000, 0.8921118645
376.000000, 0.8919280705
377.000000, 0.8917446361
378.000000, 0.8915612018
379.000000, 0.8913777674
380.000000, 0.8911943331
381.000000, 0.8910112584
382.000000, 0.8908278241
383.000000, 0.8906443897
384.000000, 0.8904613150
385.000000, 0.8902782404
386.000000, 0.8900948060
387.000000, 0.8899117313
388.000000, 0.8897286567
389.000000, 0.8895455820
390.000000, 0.8893628670
391.000000, 0.8891797923
392.000000, 0.8889967177
393.000000, 0.8888140027
394.000000, 0.8886309280
395.000000, 0.8884482130
396.000000, 0.8882654980
397.000000, 0.8880827830
398.000000, 0.8879000680
399.000000, 0.8877173530
400.000000, 0.8875346380
401.000000, 0.8873519506
402.000000, 0.8871695677
403.000000, 0.8869868665
404.000000, 0.8868044974
405.000000, 0.8866221421
406.000000, 0.8864394546
407.000000, 0.8862574314
408.000000, 0.8860750761
409.000000, 0.8858927208
410.000000, 0.8857103655
411.000000, 0.8855280377
412.000000, 0.8853460145
413.000000, 0.8851636867
414.000000, 0.8849816635
415.000000, 0.8847996817
416.000000, 0.8846176722
417.000000, 0.8844356766
418.000000, 0.8842536809
419.000000, 0.8840716853
420.000000, 0.8838897172
421.000000, 0.8837080537
422.000000, 0.8835260718
423.000000, 0.8833444221
424.000000, 0.8831627861
425.000000, 0.8829808180
426.000000, 0.8827991820
427.000000, 0.8826175461
428.000000, 0.8824359101
429.000000, 0.8822546062
430.000000, 0.8820729978
431.000000, 0.8818913618
432.000000, 0.8817098919
433.000000, 0.8815286157
434.000000, 0.8813471733
435.000000, 0.8811658832
436.000000, 0.8809846207
437.000000, 0.8808033444
438.000000, 0.8806220681
439.000000, 0.8804407918
440.000000, 0.8802598477
441.000000, 0.8800785989
442.000000, 0.8798976823
443.000000, 0.8797167381
444.000000, 0.8795354894
445.000000, 0.8793545727
446.000000, 0.8791738222
447.000000, 0.8789927395
448.000000, 0.8788118229
449.000000, 0.8786312659
450.000000, 0.8784503493
451.000000, 0.8782695988
452.000000, 0.8780888758
453.000000, 0.8779083188
454.000000, 0.8777277619
455.000000, 0.8775472049
456.000000, 0.8773666480
457.000000, 0.8771860910
458.000000, 0.8770055341
459.000000, 0.8768249771
460.000000, 0.8766447799
461.000000, 0.8764642229
462.000000, 0.8762840257
463.000000, 0.8761038008
464.000000, 0.8759236311
465.000000, 0.8757432402
466.000000, 0.8755632366
467.000000, 0.8753830393
468.000000, 0.8752028420
469.000000, 0.8750226448
470.000000, 0.8748428072
471.000000, 0.8746626099
472.000000, 0.8744827723
473.000000, 0.8743029347
474.000000, 0.8741227650
475.000000, 0.8739429274
476.000000, 0.8737633944
477.000000, 0.8735835843
478.000000, 0.8734037467
479.000000, 0.8732239091
480.000000, 0.8730444312
481.000000, 0.8728645936
482.000000, 0.8726851157
483.000000, 0.8725056378
484.000000, 0.8723261599
485.000000, 0.8721466820
486.000000, 0.8719672040
487.000000, 0.8717877261
488.000000, 0.8716082482
489.000000, 0.8714287978
490.000000, 0.8712496520
491.000000, 0.8710705338
492.000000, 0.8708910834
493.000000, 0.8707119652
494.000000, 0.8705328194
495.000000, 0.8703537011
496.000000, 0.8701746104
497.000000, 0.8699954922
498.000000, 0.8698165400
499.000000, 0.8696375878
500.000000, 0.8694588293
501.000000, 0.8692797386
502.000000, 0.8691009525
503.000000, 0.8689221939
504.000000, 0.8687434353
505.000000, 0.8685646768
506.000000, 0.8683859182
507.000000, 0.8682071596
508.000000, 0.8680284286
509.000000, 0.8678500022
510.000000, 0.8676714372
511.000000, 0.8674928447
512.000000, 0.8673142797
513.000000, 0.8671360469
514.000000, 0.8669573021
515.000000, 0.8667792491
516.000000, 0.8666008502
517.000000, 0.8664222853
518.000000, 0.8662440800
519.000000, 0.8660660132
520.000000, 0.8658876419
521.000000, 0.8657095751
522.000000, 0.8655315359
523.000000, 0.8653534967
524.000000, 0.8651754574
525.000000, 0.8649970861
526.000000, 0.8648190469
527.000000, 0.8646413398
528.000000, 0.8644633281
529.000000, 0.8642856210
530.000000, 0.8641076094
531.000000, 0.8639299298
532.000000, 0.8637520567
533.000000, 0.8635745432
534.000000, 0.8633965315
535.000000, 0.8632191979
536.000000, 0.8630415046
537.000000, 0.8628638250
538.000000, 0.8626861730
539.000000, 0.8625088256
540.000000, 0.8623311736
541.000000, 0.8621538537
542.000000, 0.8619765063
543.000000, 0.8617990204
544.000000, 0.8616218666
545.000000, 0.8614443806
546.000000, 0.8612672544
547.000000, 0.8610899345
548.000000, 0.8609129468
549.000000, 0.8607356545
550.000000, 0.8605585007
551.000000, 0.8603813744
552.000000, 0.8602044142
553.000000, 0.8600274540
554.000000, 0.8598504938
555.000000, 0.8596735336
556.000000, 0.8594965734
557.000000, 0.8593196132
558.000000, 0.8591430127
559.000000, 0.8589660525
560.000000, 0.8587894520
561.000000, 0.8586128240
562.000000, 0.8584358913
563.000000, 0.8582592908
564.000000, 0.8580826903
565.000000, 0.8579062558
566.000000, 0.8577296553
567.000000, 0.8575532484
568.000000, 0.8573766479
569.000000, 0.8572004070
570.000000, 0.8570238065
571.000000, 0.8568475657
572.000000, 0.8566713248
573.000000, 0.8564950840
574.000000, 0.8563188156
575.000000, 0.8561426023
576.000000, 0.8559663615
577.000000, 0.8557901206
578.000000, 0.8556142394
579.000000, 0.8554379986
580.000000, 0.8552621174
581.000000, 0.8550858766
582.000000, 0.8549099954
583.000000, 0.8547341143
584.000000, 0.8545582331
585.000000, 0.8543823519
586.000000, 0.8542064983
587.000000, 0.8540309493
588.000000, 0.8538550681
589.000000, 0.8536792145
590.000000, 0.8535036654
591.000000, 0.8533281439
592.000000, 0.8531526225
593.000000, 0.8529767688
594.000000, 0.8528012473
595.000000, 0.8526257258
596.000000, 0.8524505365
597.000000, 0.8522750150
598.000000, 0.8520996871
599.000000, 0.8519243317
600.000000, 0.8517488240
601.000000, 0.8515736621
602.000000, 0.8513984866
603.000000, 0.8512233247
604.000000, 0.8510481629
605.000000, 0.8508730011
606.000000, 0.8506978393
607.000000, 0.8505227050
608.000000, 0.8503478753
609.000000, 0.8501727411
610.000000, 0.8499979114
611.000000, 0.8498229432
612.000000, 0.8496479750
613.000000, 0.8494731590
614.000000, 0.8492983707
615.000000, 0.8491235548
616.000000, 0.8489489325
617.000000, 0.8487742964
618.000000, 0.8485995218
619.000000, 0.8484250518
620.000000, 0.8482502634
621.000000, 0.8480758072
622.000000, 0.8479013647
623.000000, 0.8477269222
624.000000, 0.8475521476
625.000000, 0.8473780373
626.000000, 0.8472035948
627.000000, 0.8470291524
628.000000, 0.8468547374
629.000000, 0.8466806271
630.000000, 0.8465062122
631.000000, 0.8463322955
632.000000, 0.8461578530
633.000000, 0.8459839500
634.000000, 0.8458096874
635.000000, 0.8456357707
636.000000, 0.8454617017
637.000000, 0.8452876326
638.000000, 0.8451138820
639.000000, 0.8449398267
640.000000, 0.8447660761
641.000000, 0.8445920208
642.000000, 0.8444182977
643.000000, 0.8442445746
644.000000, 0.8440708515
645.000000, 0.8438971284
646.000000, 0.8437233915
647.000000, 0.8435496821
648.000000, 0.8433763049
649.000000, 0.8432025956
650.000000, 0.8430292046
651.000000, 0.8428555090
652.000000, 0.8426821456
653.000000, 0.8425087821
654.000000, 0.8423354187
655.000000, 0.8421620552
656.000000, 0.8419886918
657.000000, 0.8418153284
658.000000, 0.8416423246
659.000000, 0.8414689612
660.000000, 0.8412959299
661.000000, 0.8411225940
662.000000, 0.8409495902
663.000000, 0.8407765864
664.000000, 0.8406035827
665.000000, 0.8404305789
666.000000, 0.8402575751
667.000000, 0.8400845714
668.000000, 0.8399118997
669.000000, 0.8397389235
670.000000, 0.8395659197
671.000000, 0.8393932756
672.000000, 0.8392206316
673.000000, 0.8390479875
674.000000, 0.8388749837
675.000000, 0.8387026993
676.000000, 0.8385300552
677.000000, 0.8383574111
678.000000, 0.8381847670
679.000000, 0.8380124826
680.000000, 0.8378398385
681.000000, 0.8376675541
682.000000, 0.8374949100
683.000000, 0.8373226256
684.000000, 0.8371503412
685.000000, 0.8369780567
686.000000, 0.8368057723
687.000000, 0.8366334879
688.000000, 0.8364615632
689.000000, 0.8362892788
690.000000, 0.8361173540
691.000000, 0.8359450696
692.000000, 0.8357731449
693.000000, 0.8356012201
694.000000, 0.8354291293
695.000000, 0.8352573706
696.000000, 0.8350853352
697.000000, 0.8349133551
698.000000, 0.8347415964
699.000000, 0.8345696855
700.000000, 0.8343981066
701.000000, 0.8342261819
702.000000, 0.8340546168
703.000000, 0.8338830517
704.000000, 0.8337114867
705.000000, 0.8335399216
706.000000, 0.8333680244
707.000000, 0.8331967915
708.000000, 0.8330252264
709.000000, 0.8328536889
710.000000, 0.8326822899
711.000000, 0.8325109184
712.000000, 0.8323396993
713.000000, 0.8321684801
714.000000, 0.8319969288
715.000000, 0.8318260693
716.000000, 0.8316548640
717.000000, 0.8314834925
718.000000, 0.8313124532
719.000000, 0.8311414414
720.000000, 0.8309704021
721.000000, 0.8307992105
722.000000, 0.8306283510
723.000000, 0.8304571593
724.000000, 0.8302863274
725.000000, 0.8301154817
726.000000, 0.8299446360
727.000000, 0.8297739563
728.000000, 0.8296029445
729.000000, 0.8294322649
730.000000, 0.8292617789
731.000000, 0.8290911130
732.000000, 0.8289202673
733.000000, 0.8287496014
734.000000, 0.8285792814
735.000000, 0.8284086293
736.000000, 0.8282379772
737.000000, 0.8280678371
738.000000, 0.8278973373
739.000000, 0.8277268719
740.000000, 0.8275563927
741.000000, 0.8273862553
742.000000, 0.8272157803
743.000000, 0.8270454603
744.000000, 0.8268755000
745.000000, 0.8267053875
746.000000, 0.8265349152
747.000000, 0.8263647888
748.000000, 0.8261949946
749.000000, 0.8260248958
750.000000, 0.8258547694
751.000000, 0.8256846430
752.000000, 0.8255148763
753.000000, 0.8253451097
754.000000, 0.8251751494
755.000000, 0.8250052166
756.000000, 0.8248354499
757.000000, 0.8246656832
758.000000, 0.8244960480
759.000000, 0.8243264820
760.000000, 0.8241567153
761.000000, 0.8239869761
762.000000, 0.8238175691
763.000000, 0.8236478024
764.000000, 0.8234782571
765.000000, 0.8233089746
766.000000, 0.8231393947
767.000000, 0.8229698147
768.000000, 0.8228006706
769.000000, 0.8226313604
770.000000, 0.8224619533
771.000000, 0.8222925463
772.000000, 0.8221234990
773.000000, 0.8219540920
774.000000, 0.8217850446
775.000000, 0.8216159973
776.000000, 0.8214467564
777.000000, 0.8212778751
778.000000, 0.8211088553
779.000000, 0.8209398079
780.000000, 0.8207707606
781.000000, 0.8206017133
782.000000, 0.8204330256
783.000000, 0.8202639783
784.000000, 0.8200952906
785.000000, 0.8199265555
786.000000, 0.8197575556
787.000000, 0.8195888679
788.000000, 0.8194201803
789.000000, 0.8192514926
790.000000, 0.8190828049
791.000000, 0.8189143455
792.000000, 0.8187457893
793.000000, 0.8185772849
794.000000, 0.8184087736
795.000000, 0.8182402441
796.000000, 0.8180719516
797.000000, 0.8179035683
798.000000, 0.8177351158
799.000000, 0.8175668807
800.000000, 0.8173984598
801.000000, 0.8172303947
802.000000, 0.8170621497
803.000000, 0.8168939185
804.000000, 0.8167258534
805.000000, 0.8165578891
806.000000, 0.8163895847
807.000000, 0.8162215957
808.000000, 0.8160536205
809.000000, 0.8158857296
810.000000, 0.8157176839
811.000000, 0.8155497259
812.000000, 0.8153821069
813.000000, 0.8152141524
814.000000, 0.8150465300
815.000000, 0.8148785617
816.000000, 0.8147108202
817.000000, 0.8145430123
818.000000, 0.8143755881
819.000000, 0.8142077950
820.000000, 0.8140402590
821.000000, 0.8138725777
822.000000, 0.8137051766
823.000000, 0.8135376926
824.000000, 0.8133702775
825.000000, 0.8132028350
826.000000, 0.8130353812
827.000000, 0.8128680049
828.000000, 0.8127006938
829.000000, 0.8125335070
830.000000, 0.8123664241
831.000000, 0.8121989953
832.000000, 0.8120318510
833.000000, 0.8118648570
834.000000, 0.8116974897
835.000000, 0.8115303729
836.000000, 0.8113636496
837.000000, 0.8111965668
838.000000, 0.8110294249
839.000000, 0.8108624560
840.000000, 0.8106957543
841.000000, 0.8105286775
842.000000, 0.8103619542
843.000000, 0.8101952310
844.000000, 0.8100283590
845.000000, 0.8098614800
846.000000, 0.8096949366
847.000000, 0.8095283932
848.000000, 0.8093615315
849.000000, 0.8091951679
850.000000, 0.8090284723
851.000000, 0.8088620534
852.000000, 0.8086954130
853.000000, 0.8085290564
854.000000, 0.8083626859
855.000000, 0.8081962669
856.000000, 0.8080299864
857.000000, 0.8078633583
858.000000, 0.8076973144
859.000000, 0.8075309350
860.000000, 0.8073646148
861.000000, 0.8071983988
862.000000, 0.8070322750
863.000000, 0.8068663264
864.000000, 0.8067001012
865.000000, 0.8065341179
866.000000, 0.8063679549
867.000000, 0.8062020217
868.000000, 0.8060363068
869.000000, 0.8058701160
870.000000, 0.8057043542
871.000000, 0.8055384505
872.000000, 0.8053727336
873.000000, 0.8052068804
874.000000, 0.8050411131
875.000000, 0.8048754689
876.000000, 0.8047098523
877.000000, 0.8045440420
878.000000, 0.8043785914
879.000000, 0.8042127812
880.000000, 0.8040473306
881.000000, 0.8038818800
882.000000, 0.8037164294
883.000000, 0.8035509788
884.000000, 0.8033855282
885.000000, 0.8032200776
886.000000, 0.8030549002
887.000000, 0.8028895361
888.000000, 0.8027243684
889.000000, 0.8025589946
890.000000, 0.8023937869
891.000000, 0.8022288128
892.000000, 0.8020635717
893.000000, 0.8018982713
894.000000, 0.8017333833
895.000000, 0.8015682831
896.000000, 0.8014031369
897.000000, 0.8012382673
898.000000, 0.8010733597
899.000000, 0.8009084452
900.000000, 0.8007436002
901.000000, 0.8005786230
902.000000, 0.8004139471
903.000000, 0.8002491606
904.000000, 0.8000845953
905.000000, 0.7999196981
906.000000, 0.7997550529
907.000000, 0.7995905953
908.000000, 0.7994258641
909.000000, 0.7992611604
910.000000, 0.7990967674
911.000000, 0.7989323897
912.000000, 0.7987676722
913.000000, 0.7986032869
914.000000, 0.7984389153
915.000000, 0.7982745438
916.000000, 0.7981101998
917.000000, 0.7979460496
918.000000, 0.7977817888
919.000000, 0.7976176345
920.000000, 0.7974534053
921.000000, 0.7972891628
922.000000, 0.7971250219
923.000000, 0.7969609023
924.000000, 0.7967969981
925.000000, 0.7966328953
926.000000, 0.7964689743
927.000000, 0.7963048517
928.000000, 0.7961409506
929.000000, 0.7959771323
930.000000, 0.7958131204
931.000000, 0.7956492884
932.000000, 0.7954856361
933.000000, 0.7953217426
934.000000, 0.7951579720
935.000000, 0.7949944720
936.000000, 0.7948306814
937.000000, 0.7946670569
938.000000, 0.7945033770
939.000000, 0.7943399123
940.000000, 0.7941764047
941.000000, 0.7940129461
942.000000, 0.7938494599
943.000000, 0.7936861827
944.000000, 0.7935225427
945.000000, 0.7933592364
946.000000, 0.7931959577
947.000000, 0.7930326651
948.000000, 0.7928695387
949.000000, 0.7927060801
950.000000, 0.7925429351
951.000000, 0.7923798547
952.000000, 0.7922167045
953.000000, 0.7920536293
954.000000, 0.7918905673
955.000000, 0.7917274039
956.000000, 0.7915644618
957.000000, 0.7914015381
958.000000, 0.7912388156
959.000000, 0.7910756724
960.000000, 0.7909130532
961.000000, 0.7907501664
962.000000, 0.7905873165
963.000000, 0.7904246603
964.000000, 0.7902617206
965.000000, 0.7900991543
966.000000, 0.7899366949
967.000000, 0.7897739941
968.000000, 0.7896113794
969.000000, 0.7894488340
970.000000, 0.7892861950
971.000000, 0.7891237152
972.000000, 0.7889614156
973.000000, 0.7887989285
974.000000, 0.7886366182
975.000000, 0.7884741418
976.000000, 0.7883119221
977.000000, 0.7881493551
978.000000, 0.7879871416
979.000000, 0.7878249281
980.000000, 0.7876627146
981.000000, 0.7875005010
982.000000, 0.7873386472
983.000000, 0.7871764706
984.000000, 0.7870145523
985.000000, 0.7868523664
986.000000, 0.7866905125
987.000000, 0.7865282990
988.000000, 0.7863664452
989.000000, 0.7862045913
990.000000, 0.7860427375
991.000000, 0.7858808837
992.000000, 0.7857190298
993.000000, 0.7855573789
994.000000, 0.7853956818
995.000000, 0.7852338280
996.000000, 0.7850723338
997.000000, 0.7849106633
998.000000, 0.7847489858
999.000000, 0.7845876146
1000.000000, 0.7844259975
1001.000000, 0.7842645034
1002.000000, 0.7841030092
1003.000000, 0.7839416084
1004.000000, 0.7837800484
1005.000000, 0.7836188898
1006.000000, 0.7834573922
1007.000000, 0.7832962578
1008.000000, 0.7831351233
1009.000000, 0.7829736352
1010.000000, 0.7828124946
1011.000000, 0.7826513601
1012.000000, 0.7824902257
1013.000000, 0.7823290912
1014.000000, 0.7821679567
1015.000000, 0.7820068497
1016.000000, 0.7818459736
1017.000000, 0.7816849129
1018.000000, 0.7815240432
1019.000000, 0.7813633633
1020.000000, 0.7812021458
1021.000000, 0.7810414540
1022.000000, 0.7808807760
1023.000000, 0.7807199044
1024.000000, 0.7805592298
1025.000000, 0.7803983823
1026.000000, 0.7802378289
1027.000000, 0.7800771648
1028.000000, 0.7799167062
1029.000000, 0.7797559749
1030.000000, 0.7795953902
1031.000000, 0.7794349785
1032.000000, 0.7792745019
1033.000000, 0.7791139684
1034.000000, 0.7789537055
1035.000000, 0.7787931382
1036.000000, 0.7786329893
1037.000000, 0.7784726538
1038.000000, 0.7783122524
1039.000000, 0.7781521832
1040.000000, 0.7779919133
1041.000000, 0.7778317126
1042.000000, 0.7776716694
1043.000000, 0.7775112696
1044.000000, 0.7773512003
1045.000000, 0.7771911586
1046.000000, 0.7770314353
1047.000000, 0.7768713799
1048.000000, 0.7767113519
1049.000000, 0.7765514441
1050.000000, 0.7763916007
1051.000000, 0.7762316781
1052.000000, 0.7760718495
1053.000000, 0.7759121015
1054.000000, 0.7757524304
1055.000000, 0.7755927967
1056.000000, 0.7754330388
1057.000000, 0.7752732703
1058.000000, 0.7751136472
1059.000000, 0.7749540897
1060.000000, 0.7747946153
1061.000000, 0.7746349906
1062.000000, 0.7744755834
1063.000000, 0.7743160847
1064.000000, 0.7741568097
1065.000000, 0.7739972338
1066.000000, 0.7738379069
1067.000000, 0.7736786538
1068.000000, 0.7735192346
1069.000000, 0.7733600092
1070.000000, 0.7732008946
1071.000000, 0.7730415791
1072.000000, 0.7728822499
1073.000000, 0.7727231766
1074.000000, 0.7725642695
1075.000000, 0.7724049548
1076.000000, 0.7722459845
1077.000000, 0.7720870080
1078.000000, 0.7719280316
1079.000000, 0.7717690552
1080.000000, 0.7716100787
1081.000000, 0.7714514620
1082.000000, 0.7712925271
1083.000000, 0.7711338413
1084.000000, 0.7709749588
1085.000000, 0.7708162756
1086.000000, 0.7706574529
1087.000000, 0.7704986824
1088.000000, 0.7703401971
1089.000000, 0.7701814489
1090.000000, 0.7700229186
1091.000000, 0.7698645750
1092.000000, 0.7697057554
1093.000000, 0.7695473415
1094.000000, 0.7693890844
1095.000000, 0.7692304677
1096.000000, 0.7690722106
1097.000000, 0.7689139535
1098.000000, 0.7687556031
1099.000000, 0.7685970797
1100.000000, 0.7684388226
1101.000000, 0.7682805655
1102.000000, 0.7681223914
1103.000000, 0.7679644110
1104.000000, 0.7678061574
1105.000000, 0.7676482565
1106.000000, 0.7674900479
1107.000000, 0.7673321020
1108.000000, 0.7671742046
1109.000000, 0.7670159476
1110.000000, 0.7668580570
1111.000000, 0.7667001803
1112.000000, 0.7665422829
1113.000000, 0.7663847176
1114.000000, 0.7662268202
1115.000000, 0.7660688813
1116.000000, 0.7659113850
1117.000000, 0.7657535014
1118.000000, 0.7655959499
1119.000000, 0.7654382584
1120.000000, 0.7652805423
1121.000000, 0.7651230738
1122.000000, 0.7649654393
1123.000000, 0.7648080883
1124.000000, 0.7646503638
1125.000000, 0.7644930094
1126.000000, 0.7643355650
1127.000000, 0.7641782652
1128.000000, 0.7640208215
1129.000000, 0.7638635236
1130.000000, 0.7637062302
1131.000000, 0.7635489588
1132.000000, 0.7633919572
1133.000000, 0.7632345993
1134.000000, 0.7630775042
1135.000000, 0.7629202155
1136.000000, 0.7627631619
1137.000000, 0.7626061568
1138.000000, 0.7624491517
1139.000000, 0.7622921027
1140.000000, 0.7621351552
1141.000000, 0.7619781708
1142.000000, 0.7618215185
1143.000000, 0.7616643542
1144.000000, 0.7615077710
1145.000000, 0.7613507312
1146.000000, 0.7611939128
1147.000000, 0.7610374266
1148.000000, 0.7608808018
1149.000000, 0.7607238173
1150.000000, 0.7605673403
1151.000000, 0.7604108724
1152.000000, 0.7602541062
1153.000000, 0.7600975953
1154.000000, 0.7599410812
1155.000000, 0.7597843457
1156.000000, 0.7596282329
1157.000000, 0.7594717605
1158.000000, 0.7593153155
1159.000000, 0.7591590367
1160.000000, 0.7590025780
1161.000000, 0.7588463959
1162.000000, 0.7586899218
1163.000000, 0.7585337413
1164.000000, 0.7583776423
1165.000000, 0.7582215433
1166.000000, 0.7580653751
1167.000000, 0.7579092622
1168.000000, 0.7577531148
1169.000000, 0.7575971540
1170.000000, 0.7574410481
1171.000000, 0.7572849560
1172.000000, 0.7571291073
1173.000000, 0.7569734566
1174.000000, 0.7568173851
1175.000000, 0.7566616458
1176.000000, 0.7565058981
1177.000000, 0.7563501395
1178.000000, 0.7561940680
1179.000000, 0.7560384283
1180.000000, 0.7558829490
1181.000000, 0.7557272650
1182.000000, 0.7555714703
1183.000000, 0.7554159384
1184.000000, 0.7552603512
1185.000000, 0.7551047848
1186.000000, 0.7549495643
1187.000000, 0.7547938083
1188.000000, 0.7546384728
1189.000000, 0.7544830157
1190.000000, 0.7543277135
1191.000000, 0.7541724801
1192.000000, 0.7540169541
1193.000000, 0.7538619286
1194.000000, 0.7537066374
1195.000000, 0.7535513961
1196.000000, 0.7533962378
1197.000000, 0.7532411308
1198.000000, 0.7530859280
1199.000000, 0.7529309840
1200.000000, 0.7527757150
1201.000000, 0.7526206950
1202.000000, 0.7524659379
1203.000000, 0.7523109400
1204.000000, 0.7521559878
1205.000000, 0.7520009747
1206.000000, 0.7518459615
1207.000000, 0.7516912943
1208.000000, 0.7515366340
1209.000000, 0.7513816140
1210.000000, 0.7512269537
1211.000000, 0.7510722933
1212.000000, 0.7509176330
1213.000000, 0.7507629727
1214.000000, 0.7506083123
1215.000000, 0.7504536795
1216.000000, 0.7502993513
1217.000000, 0.7501446910
1218.000000, 0.7499902401
1219.000000, 0.7498357300
1220.000000, 0.7496814294
1221.000000, 0.7495271287
1222.000000, 0.7493726713
1223.000000, 0.7492185274
1224.000000, 0.7490639738
1225.000000, 0.7489099261
1226.000000, 0.7487556309
1227.000000, 0.7486013248
1228.000000, 0.7484471822
1229.000000, 0.7482930357
1230.000000, 0.7481389658
1231.000000, 0.7479848415
1232.000000, 0.7478310112
1233.000000, 0.7476767866
1234.000000, 0.7475229355
1235.000000, 0.7473689046
1236.000000, 0.7472152860
1237.000000, 0.7470612924
1238.000000, 0.7469072620
1239.000000, 0.7467535608
1240.000000, 0.7465997969
1241.000000, 0.7464461579
1242.000000, 0.7462922183
1243.000000, 0.7461386379
1244.000000, 0.7459850543
1245.000000, 0.7458312932
1246.000000, 0.7456775527
1247.000000, 0.7455240891
1248.000000, 0.7453707222
1249.000000, 0.7452172239
1250.000000, 0.7450635596
1251.000000, 0.7449101074
1252.000000, 0.7447567567
1253.000000, 0.7446034741
1254.000000, 0.7444499813
1255.000000, 0.7442966649
1256.000000, 0.7441435105
1257.000000, 0.7439900294
1258.000000, 0.7438370672
1259.000000, 0.7436838566
1260.000000, 0.7435306240
1261.000000, 0.7433775637
1262.000000, 0.7432244020
1263.000000, 0.7430713325
1264.000000, 0.7429182262
1265.000000, 0.7427652240
1266.000000, 0.7426122422
1267.000000, 0.7424593452
1268.000000, 0.7423064832
1269.000000, 0.7421538011
1270.000000, 0.7420009392
1271.000000, 0.7418480772
1272.000000, 0.7416952152
1273.000000, 0.7415425331
1274.000000, 0.7413896712
1275.000000, 0.7412369918
1276.000000, 0.7410844895
1277.000000, 0.7409316317
1278.000000, 0.7407793047
1279.000000, 0.7406266340
1280.000000, 0.7404742646
1281.000000, 0.7403216019
1282.000000, 0.7401691443
1283.000000, 0.7400166249
1284.000000, 0.7398642582
1285.000000, 0.7397119525
1286.000000, 0.7395595387
1287.000000, 0.7394073076
1288.000000, 0.7392548237
1289.000000, 0.7391026903
1290.000000, 0.7389505394
1291.000000, 0.7387983775
1292.000000, 0.7386460356
1293.000000, 0.7384938598
1294.000000, 0.7383420326
1295.000000, 0.7381899343
1296.000000, 0.7380376607
1297.000000, 0.7378856380
1298.000000, 0.7377337601
1299.000000, 0.7375818665
1300.000000, 0.7374300162
1301.000000, 0.7372780138
1302.000000, 0.7371261976
1303.000000, 0.7369744147
1304.000000, 0.7368225225
1305.000000, 0.7366708018
1306.000000, 0.7365190788
1307.000000, 0.7363675375
1308.000000, 0.7362158404
1309.000000, 0.7360641224
1310.000000, 0.7359127264
1311.000000, 0.7357610145
1312.000000, 0.7356095248
1313.000000, 0.7354579909
1314.000000, 0.7353063186
1315.000000, 0.7351551029
1316.000000, 0.7350038318
1317.000000, 0.7348523339
1318.000000, 0.7347009853
1319.000000, 0.7345498089
1320.000000, 0.7343984985
1321.000000, 0.7342470752
1322.000000, 0.7340960116
1323.000000, 0.7339445884
1324.000000, 0.7337935248
1325.000000, 0.7336424612
1326.000000, 0.7334913976
1327.000000, 0.7333403341
1328.000000, 0.7331892705
1329.000000, 0.7330382069
1330.000000, 0.7328871433
1331.000000, 0.7327360820
1332.000000, 0.7325853182
1333.000000, 0.7324343123
1334.000000, 0.7322835032
1335.000000, 0.7321328214
1336.000000, 0.7319820920
1337.000000, 0.7318311370
1338.000000, 0.7316802560
1339.000000, 0.7315297292
1340.000000, 0.7313790308
1341.000000, 0.7312284181
1342.000000, 0.7310778132
1343.000000, 0.7309272778
1344.000000, 0.7307766923
1345.000000, 0.7306262251
1346.000000, 0.7304756659
1347.000000, 0.7303251769
1348.000000, 0.7301749821
1349.000000, 0.7300244885
1350.000000, 0.7298739340
1351.000000, 0.7297238000
1352.000000, 0.7295734345
1353.000000, 0.7294231116
1354.000000, 0.7292727756
1355.000000, 0.7291227828
1356.000000, 0.7289724194
1357.000000, 0.7288224540
1358.000000, 0.7286723396
1359.000000, 0.7285223827
1360.000000, 0.7283720853
1361.000000, 0.7282220823
1362.000000, 0.7280722907
1363.000000, 0.7279223338
1364.000000, 0.7277723315
1365.000000, 0.7276222621
1366.000000, 0.7274726022
1367.000000, 0.7273226176
1368.000000, 0.7271728175
1369.000000, 0.7270231756
1370.000000, 0.7268732634
1371.000000, 0.7267234006
1372.000000, 0.7265739514
1373.000000, 0.7264241781
1374.000000, 0.7262746440
1375.000000, 0.7261251169
1376.000000, 0.7259756341
1377.000000, 0.7258257725
1378.000000, 0.7256763889
1379.000000, 0.7255268715
1380.000000, 0.7253774850
1381.000000, 0.7252281589
1382.000000, 0.7250786225
1383.000000, 0.7249294531
1384.000000, 0.7247800646
1385.000000, 0.7246306333
1386.000000, 0.7244815342
1387.000000, 0.7243322827
1388.000000, 0.7241830313
1389.000000, 0.7240339747
1390.000000, 0.7238848330
1391.000000, 0.7237355954
1392.000000, 0.7235864962
1393.000000, 0.7234374970
1394.000000, 0.7232886468
1395.000000, 0.7231394646
1396.000000, 0.7229906144
1397.000000, 0.7228416734
1398.000000, 0.7226928527
1399.000000, 0.7225439809
1400.000000, 0.7223951307
1401.000000, 0.7222461712
1402.000000, 0.7220975343
1403.000000, 0.7219488397
1404.000000, 0.7217999951
1405.000000, 0.7216514506
1406.000000, 0.7215026935
1407.000000, 0.7213540569
1408.000000, 0.7212055599
1409.000000, 0.7210569974
1410.000000, 0.7209084846
1411.000000, 0.7207599933
1412.000000, 0.7206115397
1413.000000, 0.7204629108
1414.000000, 0.7203145753
1415.000000, 0.7201661788
1416.000000, 0.7200179309
1417.000000, 0.7198697789
1418.000000, 0.7197215234
1419.000000, 0.7195730744
1420.000000, 0.7194249095
1421.000000, 0.7192767020
1422.000000, 0.7191285090
1423.000000, 0.7189803297
1424.000000, 0.7188321435
1425.000000, 0.7186843502
1426.000000, 0.7185360159
1427.000000, 0.7183879957
1428.000000, 0.7182401735
1429.000000, 0.7180922825
1430.000000, 0.7179444056
1431.000000, 0.7177963854
1432.000000, 0.7176484503
1433.000000, 0.7175007068
1434.000000, 0.7173529747
1435.000000, 0.7172051141
1436.000000, 0.7170572295
1437.000000, 0.7169096796
1438.000000, 0.7167620883
1439.000000, 0.7166143863
1440.000000, 0.7164668549
1441.000000, 0.7163190930
1442.000000, 0.7161716261
1443.000000, 0.7160241593
1444.000000, 0.7158766925
1445.000000, 0.7157292256
1446.000000, 0.7155817588
1447.000000, 0.7154342920
1448.000000, 0.7152868252
1449.000000, 0.7151394517
1450.000000, 0.7149922512
1451.000000, 0.7148448231
1452.000000, 0.7146976772
1453.000000, 0.7145503232
1454.000000, 0.7144034354
1455.000000, 0.7142559995
1456.000000, 0.7141088889
1457.000000, 0.7139618608
1458.000000, 0.7138146509
1459.000000, 0.7136679271
1460.000000, 0.7135207831
1461.000000, 0.7133737128
1462.000000, 0.7132266149
1463.000000, 0.7130799178
1464.000000, 0.7129330043
1465.000000, 0.7127862480
1466.000000, 0.7126392146
1467.000000, 0.7124925145
1468.000000, 0.7123458184
1469.000000, 0.7121990228
1470.000000, 0.7120522717
1471.000000, 0.7119056432
1472.000000, 0.7117588680
1473.000000, 0.7116122105
1474.000000, 0.7114657466
1475.000000, 0.7113190176
1476.000000, 0.7111725076
1477.000000, 0.7110261221
1478.000000, 0.7108796974
1479.000000, 0.7107333442
1480.000000, 0.7105869026
1481.000000, 0.7104402295
1482.000000, 0.7102940009
1483.000000, 0.7101477861
1484.000000, 0.7100013310
1485.000000, 0.7098550380
1486.000000, 0.7097089906
1487.000000, 0.7095626221
1488.000000, 0.7094165747
1489.000000, 0.7092702061
1490.000000, 0.7091241860
1491.000000, 0.7089780037
1492.000000, 0.7088320942
1493.000000, 0.7086861952
1494.000000, 0.7085399984
1495.000000, 0.7083940730
1496.000000, 0.7082481753
1497.000000, 0.7081021472
1498.000000, 0.7079564142
1499.000000, 0.7078104921
1500.000000, 0.7076646023
1501.000000, 0.7075189339
1502.000000, 0.7073730856
1503.000000, 0.7072275970
1504.000000, 0.7070817487
1505.000000, 0.7069360802
1506.000000, 0.7067905916
1507.000000, 0.7066449232
1508.000000, 0.7064991394
1509.000000, 0.7063537696
1510.000000, 0.7062081945
1511.000000, 0.7060627889
1512.000000, 0.7059173003
1513.000000, 0.7057718117
1514.000000, 0.7056263299
1515.000000, 0.7054811704
1516.000000, 0.7053357193
1517.000000, 0.7051905765
1518.000000, 0.7050451017
1519.000000, 0.7049000074
1520.000000, 0.7047548163
1521.000000, 0.7046093711
1522.000000, 0.7044642263
1523.000000, 0.7043192772
1524.000000, 0.7041741013
1525.000000, 0.7040290628
1526.000000, 0.7038841651
1527.000000, 0.7037390936
1528.000000, 0.7035940199
1529.000000, 0.7034489739
1530.000000, 0.7033042646
1531.000000, 0.7031592141
1532.000000, 0.7030143163
1533.000000, 0.7028697146
1534.000000, 0.7027247866
1535.000000, 0.7025800632
1536.000000, 0.7024352211
1537.000000, 0.7022905247
1538.000000, 0.7021458430
1539.000000, 0.7020010461
1540.000000, 0.7018564844
1541.000000, 0.7017118050
1542.000000, 0.7015673470
1543.000000, 0.7014227445
1544.000000, 0.7012782397
1545.000000, 0.7011339891
1546.000000, 0.7009892936
1547.000000, 0.7008451653
1548.000000, 0.7007004629
1549.000000, 0.7005563278
1550.000000, 0.7004117415
1551.000000, 0.7002675362
1552.000000, 0.7001231760
1553.000000, 0.6999790767
1554.000000, 0.6998348648
1555.000000, 0.6996906172
1556.000000, 0.6995465974
1557.000000, 0.6994024898
1558.000000, 0.6992582553
1559.000000, 0.6991140855
1560.000000, 0.6989701878
1561.000000, 0.6988263177
1562.000000, 0.6986820879
1563.000000, 0.6985382179
1564.000000, 0.6983943478
1565.000000, 0.6982504777
1566.000000, 0.6981066076
1567.000000, 0.6979627376
1568.000000, 0.6978188675
1569.000000, 0.6976752395
1570.000000, 0.6975315521
1571.000000, 0.6973878936
1572.000000, 0.6972441065
1573.000000, 0.6971004541
1574.000000, 0.6969568505
1575.000000, 0.6968132157
1576.000000, 0.6966697280
1577.000000, 0.6965260695
1578.000000, 0.6963826845
1579.000000, 0.6962389665
1580.000000, 0.6960956669
1581.000000, 0.6959522200
1582.000000, 0.6958086497
1583.000000, 0.6956654239
1584.000000, 0.6955223414
1585.000000, 0.6953790154
1586.000000, 0.6952356803
1587.000000, 0.6950923228
1588.000000, 0.6949490192
1589.000000, 0.6948059833
1590.000000, 0.6946626666
1591.000000, 0.6945196565
1592.000000, 0.6943764254
1593.000000, 0.6942334868
1594.000000, 0.6940903361
1595.000000, 0.6939473306
1596.000000, 0.6938043598
1597.000000, 0.6936615593
1598.000000, 0.6935187471
1599.000000, 0.6933756892
1600.000000, 0.6932327985
1601.000000, 0.6930899297
1602.000000, 0.6929471175
1603.000000, 0.6928044051
1604.000000, 0.6926616594
1605.000000, 0.6925190628
1606.000000, 0.6923763263
1607.000000, 0.6922337351
1608.000000, 0.6920911345
1609.000000, 0.6919484980
1610.000000, 0.6918059389
1611.000000, 0.6916631861
1612.000000, 0.6915207970
1613.000000, 0.6913782930
1614.000000, 0.6912357957
1615.000000, 0.6910933149
1616.000000, 0.6909510740
1617.000000, 0.6908087981
1618.000000, 0.6906662722
1619.000000, 0.6905240736
1620.000000, 0.6903816975
1621.000000, 0.6902396258
1622.000000, 0.6900972889
1623.000000, 0.6899550582
1624.000000, 0.6898128712
1625.000000, 0.6896707995
1626.000000, 0.6895288661
1627.000000, 0.6893865639
1628.000000, 0.6892446419
1629.000000, 0.6891026649
1630.000000, 0.6889604430
1631.000000, 0.6888186282
1632.000000, 0.6886766216
1633.000000, 0.6885348339
1634.000000, 0.6883929981
1635.000000, 0.6882512149
1636.000000, 0.6881092731
1637.000000, 0.6879675600
1638.000000, 0.6878259330
1639.000000, 0.6876841453
1640.000000, 0.6875422463
1641.000000, 0.6874007135
1642.000000, 0.6872589160
1643.000000, 0.6871173175
1644.000000, 0.6869758778
1645.000000, 0.6868343535
1646.000000, 0.6866925805
1647.000000, 0.6865511713
1648.000000, 0.6864098690
1649.000000, 0.6862683532
1650.000000, 0.6861269245
1651.000000, 0.6859855221
1652.000000, 0.6858442290
1653.000000, 0.6857029247
1654.000000, 0.6855615243
1655.000000, 0.6854202154
1656.000000, 0.6852789145
1657.000000, 0.6851377818
1658.000000, 0.6849965619
1659.000000, 0.6848556281
1660.000000, 0.6847143272
1661.000000, 0.6845735380
1662.000000, 0.6844324070
1663.000000, 0.6842914107
1664.000000, 0.6841503802
1665.000000, 0.6840091622
1666.000000, 0.6838683751
1667.000000, 0.6837275157
1668.000000, 0.6835864852
1669.000000, 0.6834456105
1670.000000, 0.6833048737
1671.000000, 0.6831641508
1672.000000, 0.6830234279
1673.000000, 0.6828827050
1674.000000, 0.6827419821
1675.000000, 0.6826012591
1676.000000, 0.6824606123
1677.000000, 0.6823199931
1678.000000, 0.6821793632
1679.000000, 0.6820388235
1680.000000, 0.6818982837
1681.000000, 0.6817577440
1682.000000, 0.6816172042
1683.000000, 0.6814766931
1684.000000, 0.6813364506
1685.000000, 0.6811962771
1686.000000, 0.6810561037
1687.000000, 0.6809159303
1688.000000, 0.6807757569
1689.000000, 0.6806355835
1690.000000, 0.6804954101
1691.000000, 0.6803552367
1692.000000, 0.6802150632
1693.000000, 0.6800748898
1694.000000, 0.6799347164
1695.000000, 0.6797945430
1696.000000, 0.6796543696
1697.000000, 0.6795141962
1698.000000, 0.6793740228
1699.000000, 0.6792338494
1700.000000, 0.6790936759
1701.000000, 0.6789535025
1702.000000, 0.6788138603
1703.000000, 0.6786754135
1704.000000, 0.6785369666
1705.000000, 0.6783985198
1706.000000, 0.6782600729
1707.000000, 0.6781216261
1708.000000, 0.6779831792
1709.000000, 0.6778447324
1710.000000, 0.6777062855
1711.000000, 0.6775678387
1712.000000, 0.6774293918
1713.000000, 0.6772909450
1714.000000, 0.6771524981
1715.000000, 0.6770140513
1716.000000, 0.6768756044
1717.000000, 0.6767371576
1718.000000, 0.6765987107
1719.000000, 0.6764602639
1720.000000, 0.6763218170
1721.000000, 0.6761833702
1722.000000, 0.6760449233
1723.000000, 0.6759064765
1724.000000, 0.6757680296
1725.000000, 0.6756295828
1726.000000, 0.6754911359
1727.000000, 0.6753526891
1728.000000, 0.6752142423
1729.000000, 0.6750757954
1730.000000, 0.6749373486
1731.000000, 0.6747989017
1732.000000, 0.6746604549
1733.000000, 0.6745220080
1734.000000, 0.6743835612
1735.000000, 0.6742451143
1736.000000, 0.6741066675
1737.000000, 0.6739682206
1738.000000, 0.6738297738
1739.000000, 0.6736913269
1740.000000, 0.6735528801
1741.000000, 0.6734144332
1742.000000, 0.6732759864
1743.000000, 0.6731375395
1744.000000, 0.6729990927
1745.000000, 0.6728606458
1746.000000, 0.6727221990
1747.000000, 0.6725837521
1748.000000, 0.6724453053
1749.000000, 0.6723068584
1750.000000, 0.6721684116
1751.000000, 0.6720299647
1752.000000, 0.6718915179
1753.000000, 0.6717530710
1754.000000, 0.6716146242
1755.000000, 0.6714761774
1756.000000, 0.6713377305
1757.000000, 0.6711992837
1758.000000, 0.6710608368
1759.000000, 0.6709223900
1760.000000, 0.6707839431
1761.000000, 0.6706454963
1762.000000, 0.6705070494
1763.000000, 0.6703686026
1764.000000, 0.6702301557
1765.000000, 0.6700917089
1766.000000, 0.6699532620
1767.000000, 0.6698148152
1768.000000, 0.6696763683
1769.000000, 0.6695379215
1770.000000, 0.6693994746
1771.000000, 0.6692610278
1772.000000, 0.6691225809
1773.000000, 0.6689841341
1774.000000, 0.6688456872
1775.000000, 0.6687072404
1776.000000, 0.6685687935
1777.000000, 0.6684303467
1778.000000, 0.6682918998
1779.000000, 0.6681534530
1780.000000, 0.6680150061
1781.000000, 0.6678765593
1782.000000, 0.6677381125
1783.000000, 0.6675996656
1784.000000, 0.6674612188
1785.000000, 0.6673227719
1786.000000, 0.6671843251
1787.000000, 0.6670458782
1788.000000, 0.6669074314
1789.000000, 0.6667689845
1790.000000, 0.6666305377
1791.000000, 0.6664920908
1792.000000, 0.6663536440
1793.000000, 0.6662151971
1794.000000, 0.6660767503
1795.000000, 0.6659383034
1796.000000, 0.6657998566
1797.000000, 0.6656614097
1798.000000, 0.6655229629
1799.000000, 0.6653845160
1800.000000, 0.6652460692
1801.000000, 0.6651076223
1802.000000, 0.6649691755
1803.000000, 0.6648307286
1804.000000, 0.6646922818
1805.000000, 0.6645564396
1806.000000, 0.6644208625
1807.000000, 0.6642852853
1808.000000, 0.6641497081
1809.000000, 0.6640141309
1810.000000, 0.6638785538
1811.000000, 0.6637429766
1812.000000, 0.6636073994
1813.000000, 0.6634718222
1814.000000, 0.6633362451
1815.000000, 0.6632006679
1816.000000, 0.6630650907
1817.000000, 0.6629295135
1818.000000, 0.6627939364
1819.000000, 0.6626583592
1820.000000, 0.6625227820
1821.000000, 0.6623872048
1822.000000, 0.6622516277
1823.000000, 0.6621160505
1824.000000, 0.6619804733
1825.000000, 0.6618448961
1826.000000, 0.6617093190
1827.000000, 0.6615737418
1828.000000, 0.6614381646
1829.000000, 0.6613025875
1830.000000, 0.6611670103
1831.000000, 0.6610314331
1832.000000, 0.6608958559
1833.000000, 0.6607602788
1834.000000, 0.6606247016
1835.000000, 0.6604891244
1836.000000, 0.6603535472
1837.000000, 0.6602179701
1838.000000, 0.6600823929
1839.000000, 0.6599468157
1840.000000, 0.6598112385
1841.000000, 0.6596756614
1842.000000, 0.6595400842
1843.000000, 0.6594045070
1844.000000, 0.6592689298
1845.000000, 0.6591333527
1846.000000, 0.6589977755
1847.000000, 0.6588621983
1848.000000, 0.6587266211
1849.000000, 0.6585910440
1850.000000, 0.6584554668
1851.000000, 0.6583198896
1852.000000, 0.6581843125
1853.000000, 0.6580487353
1854.000000, 0.6579131581
1855.000000, 0.6577775809
1856.000000, 0.6576420038
1857.000000, 0.6575064266
1858.000000, 0.6573708494
1859.000000, 0.6572352722
1860.000000, 0.6570996951
1861.000000, 0.6569641179
1862.000000, 0.6568285407
1863.000000, 0.6566929635
1864.000000, 0.6565573864
1865.000000, 0.6564218092
1866.000000, 0.6562862320
1867.000000, 0.6561506548
1868.000000, 0.6560150777
1869.000000, 0.6558795005
1870.000000, 0.6557439233
1871.000000, 0.6556083461
1872.000000, 0.6554727690
1873.000000, 0.6553371918
1874.000000, 0.6552016146
1875.000000, 0.6550660375
1876.000000, 0.6549304603
1877.000000, 0.6547948831
1878.000000, 0.6546593059
1879.000000, 0.6545237288
1880.000000, 0.6543881516
1881.000000, 0.6542525744
1882.000000, 0.6541169972
1883.000000, 0.6539814201
1884.000000, 0.6538458429
1885.000000, 0.6537102657
1886.000000, 0.6535746885
1887.000000, 0.6534391114
1888.000000, 0.6533035342
1889.000000, 0.6531679570
1890.000000, 0.6530323798
1891.000000, 0.6528968027
1892.000000, 0.6527612255
1893.000000, 0.6526256483
1894.000000, 0.6524900711
1895.000000, 0.6523544940
1896.000000, 0.6522189168
1897.000000, 0.6520833396
1898.000000, 0.6519477624
1899.000000, 0.6518121853
1900.000000, 0.6516766081
1901.000000, 0.6515410309
1902.000000, 0.6514054538
1903.000000, 0.6512698766
1904.000000, 0.6511342994
1905.000000, 0.6509987222
1906.000000, 0.6508631451
1907.000000, 0.6507289944
1908.000000, 0.6505962272
1909.000000, 0.6504634600
1910.000000, 0.6503306927
1911.000000, 0.6501979255
1912.000000, 0.6500651583
1913.000000, 0.6499323911
1914.000000, 0.6497996239
1915.000000, 0.6496668567
1916.000000, 0.6495340895
1917.000000, 0.6494013223
1918.000000, 0.6492685551
1919.000000, 0.6491357878
1920.000000, 0.6490030206
1921.000000, 0.6488702534
1922.000000, 0.6487374862
1923.000000, 0.6486047190
1924.000000, 0.6484719518
1925.000000, 0.6483391846
1926.000000, 0.6482064174
1927.000000, 0.6480736501
1928.000000, 0.6479408829
1929.000000, 0.6478081157
1930.000000, 0.6476753485
1931.000000, 0.6475425813
1932.000000, 0.6474098141
1933.000000, 0.6472770469
1934.000000, 0.6471442797
1935.000000, 0.6470115125
1936.000000, 0.6468787452
1937.000000, 0.6467459780
1938.000000, 0.6466132108
1939.000000, 0.6464804436
1940.000000, 0.6463476764
1941.000000, 0.6462149092
1942.000000, 0.6460821420
1943.000000, 0.6459493748
1944.000000, 0.6458166076
1945.000000, 0.6456838403
1946.000000, 0.6455510731
1947.000000, 0.6454183059
1948.000000, 0.6452855387
1949.000000, 0.6451527715
1950.000000, 0.6450200043
1951.000000, 0.6448872371
1952.000000, 0.6447544699
1953.000000, 0.6446217026
1954.000000, 0.6444889354
1955.000000, 0.6443561682
1956.000000, 0.6442234010
1957.000000, 0.6440906338
1958.000000, 0.6439578666
1959.000000, 0.6438250994
1960.000000, 0.6436923322
1961.000000, 0.6435595650
1962.000000, 0.6434267977
1963.000000, 0.6432940305
1964.000000, 0.6431612633
1965.000000, 0.6430284961
1966.000000, 0.6428957289
1967.000000, 0.6427629617
1968.000000, 0.6426301945
1969.000000, 0.6424974273
1970.000000, 0.6423646601
1971.000000, 0.6422318928
1972.000000, 0.6420991256
1973.000000, 0.6419663584
1974.000000, 0.6418335912
1975.000000, 0.6417008240
1976.000000, 0.6415680568
1977.000000, 0.6414352896
1978.000000, 0.6413025224
1979.000000, 0.6411697551
1980.000000, 0.6410369879
1981.000000, 0.6409042207
1982.000000, 0.6407714535
1983.000000, 0.6406386863
1984.000000, 0.6405059191
1985.000000, 0.6403731519
1986.000000, 0.6402403847
1987.000000, 0.6401076175
1988.000000, 0.6399748502
1989.000000, 0.6398420830
1990.000000, 0.6397093158
1991.000000, 0.6395765486
1992.000000, 0.6394437814
1993.000000, 0.6393110142
1994.000000, 0.6391782470
1995.000000, 0.6390454798
1996.000000, 0.6389127126
1997.000000, 0.6387799453
1998.000000, 0.6386471781
1999.000000, 0.6385144109
2000.000000, 0.6383816437
2001.000000, 0.6382488765
2002.000000, 0.6381161093
2003.000000, 0.6379833421
2004.000000, 0.6378505749
2005.000000, 0.6377178076
2006.000000, 0.6375850404
2007.000000, 0.6374522732
2008.000000, 0.6373195060
2009.000000, 0.6371870356
2010.000000, 0.6370570257
2011.000000, 0.6369270158
2012.000000, 0.6367970058
2013.000000, 0.6366669959
2014.000000, 0.6365369860
2015.000000, 0.6364069760
2016.000000, 0.6362769661
2017.000000, 0.6361469562
2018.000000, 0.6360169462
2019.000000, 0.6358869363
2020.000000, 0.6357569263
2021.000000, 0.6356269164
2022.000000, 0.6354969065
2023.000000, 0.6353668965
2024.000000, 0.6352368866
2025.000000, 0.6351068767
2026.000000, 0.6349768667
2027.000000, 0.6348468568
2028.000000, 0.6347168469
2029.000000, 0.6345868369
2030.000000, 0.6344568270
2031.000000, 0.6343268171
2032.000000, 0.6341968071
2033.000000, 0.6340667972
2034.000000, 0.6339367872
2035.000000, 0.6338067773
2036.000000, 0.6336767674
2037.000000, 0.6335467574
2038.000000, 0.6334167475
2039.000000, 0.6332867376
2040.000000, 0.6331567276
2041.000000, 0.6330267177
2042.000000, 0.6328967078
2043.000000, 0.6327666978
2044.000000, 0.6326366879
2045.000000, 0.6325066779
2046.000000, 0.6323766680
2047.000000, 0.6322466581
2048.000000, 0.6321166481
2049.000000, 0.6319866382
2050.000000, 0.6318566283
2051.000000, 0.6317266183
2052.000000, 0.6315966084
2053.000000, 0.6314665985
2054.000000, 0.6313365885
2055.000000, 0.6312065786
2056.000000, 0.6310765687
2057.000000, 0.6309465587
2058.000000, 0.6308165488
2059.000000, 0.6306865388
2060.000000, 0.6305565289
2061.000000, 0.6304265190
2062.000000, 0.6302965090
2063.000000, 0.6301664991
2064.000000, 0.6300364892
2065.000000, 0.6299064792
2066.000000, 0.6297764693
2067.000000, 0.6296464594
2068.000000, 0.6295164494
2069.000000, 0.6293864395
2070.000000, 0.6292564296
2071.000000, 0.6291264196
2072.000000, 0.6289964097
2073.000000, 0.6288663997
2074.000000, 0.6287363898
2075.000000, 0.6286063799
2076.000000, 0.6284763699
2077.000000, 0.6283463600
2078.000000, 0.6282163501
2079.000000, 0.6280863401
2080.000000, 0.6279563302
2081.000000, 0.6278263203
2082.000000, 0.6276963103
2083.000000, 0.6275663004
2084.000000, 0.6274362904
2085.000000, 0.6273062805
2086.000000, 0.6271762706
2087.000000, 0.6270462606
2088.000000, 0.6269162507
2089.000000, 0.6267862408
2090.000000, 0.6266562308
2091.000000, 0.6265262209
2092.000000, 0.6263962110
2093.000000, 0.6262662010
2094.000000, 0.6261361911
2095.000000, 0.6260061812
2096.000000, 0.6258761712
2097.000000, 0.6257461613
2098.000000, 0.6256161513
2099.000000, 0.6254861414
2100.000000, 0.6253561315
2101.000000, 0.6252261215
2102.000000, 0.6250961116
2103.000000, 0.6249661017
2104.000000, 0.6248360917
2105.000000, 0.6247060818
2106.000000, 0.6245760719
2107.000000, 0.6244460619
2108.000000, 0.6243160520
2109.000000, 0.6241860420
2110.000000, 0.6240560321
2111.000000, 0.6239260222
2112.000000, 0.6237979187
2113.000000, 0.6236706028
2114.000000, 0.6235432869
2115.000000, 0.6234159711
2116.000000, 0.6232886552
2117.000000, 0.6231613393
2118.000000, 0.6230340234
2119.000000, 0.6229067075
2120.000000, 0.6227793916
2121.000000, 0.6226520757
2122.000000, 0.6225247599
2123.000000, 0.6223974440
2124.000000, 0.6222701281
2125.000000, 0.6221428122
2126.000000, 0.6220154963
2127.000000, 0.6218881804
2128.000000, 0.6217608646
2129.000000, 0.6216335487
2130.000000, 0.6215062328
2131.000000, 0.6213789169
2132.000000, 0.6212516010
2133.000000, 0.6211242851
2134.000000, 0.6209969692
2135.000000, 0.6208696534
2136.000000, 0.6207423375
2137.000000, 0.6206150216
2138.000000, 0.6204877057
2139.000000, 0.6203603898
2140.000000, 0.6202330739
2141.000000, 0.6201057581
2142.000000, 0.6199784422
2143.000000, 0.6198511263
2144.000000, 0.6197238104
2145.000000, 0.6195964945
2146.000000, 0.6194691786
2147.000000, 0.6193418627
2148.000000, 0.6192145469
2149.000000, 0.6190872310
2150.000000, 0.6189599151
2151.000000, 0.6188325992
2152.000000, 0.6187052833
2153.000000, 0.6185779674
2154.000000, 0.6184506516
2155.000000, 0.6183233357
2156.000000, 0.6181960198
2157.000000, 0.6180687039
2158.000000, 0.6179413880
2159.000000, 0.6178140721
2160.000000, 0.6176867563
2161.000000, 0.6175594404
2162.000000, 0.6174321245
2163.000000, 0.6173048086
2164.000000, 0.6171774927
2165.000000, 0.6170501768
2166.000000, 0.6169228609
2167.000000, 0.6167955451
2168.000000, 0.6166682292
2169.000000, 0.6165409133
2170.000000, 0.6164135974
2171.000000, 0.6162862815
2172.000000, 0.6161589656
2173.000000, 0.6160316498
2174.000000, 0.6159043339
2175.000000, 0.6157770180
2176.000000, 0.6156497021
2177.000000, 0.6155223862
2178.000000, 0.6153950703
2179.000000, 0.6152677544
2180.000000, 0.6151404386
2181.000000, 0.6150131227
2182.000000, 0.6148858068
2183.000000, 0.6147584909
2184.000000, 0.6146311750
2185.000000, 0.6145038591
2186.000000, 0.6143765433
2187.000000, 0.6142492274
2188.000000, 0.6141219115
2189.000000, 0.6139945956
2190.000000, 0.6138672797
2191.000000, 0.6137399638
2192.000000, 0.6136126479
2193.000000, 0.6134853321
2194.000000, 0.6133580162
2195.000000, 0.6132307003
2196.000000, 0.6131033844
2197.000000, 0.6129760685
2198.000000, 0.6128487526
2199.000000, 0.6127214368
2200.000000, 0.6125941209
2201.000000, 0.6124668050
2202.000000, 0.6123394891
2203.000000, 0.6122121732
2204.000000, 0.6120848573
2205.000000, 0.6119575414
2206.000000, 0.6118302256
2207.000000, 0.6117029097
2208.000000, 0.6115755938
2209.000000, 0.6114482779
2210.000000, 0.6113209620
2211.000000, 0.6111936461
2212.000000, 0.6110663303
2213.000000, 0.6109390144
2214.000000, 0.6108125111
2215.000000, 0.6106878366
2216.000000, 0.6105631621
2217.000000, 0.6104384876
2218.000000, 0.6103138130
2219.000000, 0.6101891385
2220.000000, 0.6100644640
2221.000000, 0.6099397895
2222.000000, 0.6098151150
2223.000000, 0.6096904404
2224.000000, 0.6095657659
2225.000000, 0.6094410914
2226.000000, 0.6093164169
2227.000000, 0.6091917424
2228.000000, 0.6090670678
2229.000000, 0.6089423933
2230.000000, 0.6088177188
2231.000000, 0.6086930443
2232.000000, 0.6085683698
2233.000000, 0.6084436952
2234.000000, 0.6083190207
2235.000000, 0.6081943462
2236.000000, 0.6080696717
2237.000000, 0.6079449972
2238.000000, 0.6078203226
2239.000000, 0.6076956481
2240.000000, 0.6075709736
2241.000000, 0.6074462991
2242.000000, 0.6073216246
2243.000000, 0.6071969500
2244.000000, 0.6070722755
2245.000000, 0.6069476010
2246.000000, 0.6068229265
2247.000000, 0.6066982520
2248.000000, 0.6065735775
2249.000000, 0.6064489029
2250.000000, 0.6063242284
2251.000000, 0.6061995539
2252.000000, 0.6060748794
2253.000000, 0.6059502049
2254.000000, 0.6058255303
2255.000000, 0.6057008558
2256.000000, 0.6055761813
2257.000000, 0.6054515068
2258.000000, 0.6053268323
2259.000000, 0.6052021577
2260.000000, 0.6050774832
2261.000000, 0.6049528087
2262.000000, 0.6048281342
2263.000000, 0.6047034597
2264.000000, 0.6045787851
2265.000000, 0.6044541106
2266.000000, 0.6043294361
2267.000000, 0.6042047616
2268.000000, 0.6040800871
2269.000000, 0.6039554125
2270.000000, 0.6038307380
2271.000000, 0.6037060635
2272.000000, 0.6035813890
2273.000000, 0.6034567145
2274.000000, 0.6033320399
2275.000000, 0.6032073654
2276.000000, 0.6030826909
2277.000000, 0.6029580164
2278.000000, 0.6028333419
2279.000000, 0.6027086673
2280.000000, 0.6025839928
2281.000000, 0.6024593183
2282.000000, 0.6023346438
2283.000000, 0.6022099693
2284.000000, 0.6020852947
2285.000000, 0.6019606202
2286.000000, 0.6018359457
2287.000000, 0.6017112712
2288.000000, 0.6015865967
2289.000000, 0.6014619221
2290.000000, 0.6013372476
2291.000000, 0.6012125731
2292.000000, 0.6010878986
2293.000000, 0.6009632241
2294.000000, 0.6008385495
2295.000000, 0.6007138750
2296.000000, 0.6005892005
2297.000000, 0.6004645260
2298.000000, 0.6003398515
2299.000000, 0.6002151769
2300.000000, 0.6000905024
2301.000000, 0.5999658279
2302.000000, 0.5998411534
2303.000000, 0.5997164789
2304.000000, 0.5995918043
2305.000000, 0.5994671298
2306.000000, 0.5993424553
2307.000000, 0.5992177808
2308.000000, 0.5990931063
2309.000000, 0.5989684317
2310.000000, 0.5988437572
2311.000000, 0.5987190827
2312.000000, 0.5985944082
2313.000000, 0.5984697337
2314.000000, 0.5983450591
2315.000000, 0.5982203846
2316.000000, 0.5980957101
2317.000000, 0.5979733852
2318.000000, 0.5978512994
2319.000000, 0.5977292135
2320.000000, 0.5976071277
2321.000000, 0.5974850418
2322.000000, 0.5973629560
2323.000000, 0.5972408702
2324.000000, 0.5971187843
2325.000000, 0.5969966985
2326.000000, 0.5968746126
2327.000000, 0.5967525268
2328.000000, 0.5966304410
2329.000000, 0.5965083551
2330.000000, 0.5963862693
2331.000000, 0.5962641834
2332.000000, 0.5961420976
2333.000000, 0.5960200117
2334.000000, 0.5958979259
2335.000000, 0.5957758401
2336.000000, 0.5956537542
2337.000000, 0.5955316684
2338.000000, 0.5954095825
2339.000000, 0.5952874967
2340.000000, 0.5951654109
2341.000000, 0.5950433250
2342.000000, 0.5949212392
2343.000000, 0.5947991533
2344.000000, 0.5946770675
2345.000000, 0.5945549816
2346.000000, 0.5944328958
2347.000000, 0.5943108100
2348.000000, 0.5941887241
2349.000000, 0.5940666383
2350.000000, 0.5939445524
2351.000000, 0.5938224666
2352.000000, 0.5937003807
2353.000000, 0.5935782949
2354.000000, 0.5934562091
2355.000000, 0.5933341232
2356.000000, 0.5932120374
2357.000000, 0.5930899515
2358.000000, 0.5929678657
2359.000000, 0.5928457799
2360.000000, 0.5927236940
2361.000000, 0.5926016082
2362.000000, 0.5924795223
2363.000000, 0.5923574365
2364.000000, 0.5922353506
2365.000000, 0.5921132648
2366.000000, 0.5919911790
2367.000000, 0.5918690931
2368.000000, 0.5917470073
2369.000000, 0.5916249214
2370.000000, 0.5915028356
2371.000000, 0.5913807498
2372.000000, 0.5912586639
2373.000000, 0.5911365781
2374.000000, 0.5910144922
2375.000000, 0.5908924064
2376.000000, 0.5907703205
2377.000000, 0.5906482347
2378.000000, 0.5905261489
2379.000000, 0.5904040630
2380.000000, 0.5902819772
2381.000000, 0.5901598913
2382.000000, 0.5900378055
2383.000000, 0.5899157196
2384.000000, 0.5897936338
2385.000000, 0.5896715480
2386.000000, 0.5895494621
2387.000000, 0.5894273763
2388.000000, 0.5893052904
2389.000000, 0.5891832046
2390.000000, 0.5890611188
2391.000000, 0.5889390329
2392.000000, 0.5888169471
2393.000000, 0.5886948612
2394.000000, 0.5885727754
2395.000000, 0.5884506895
2396.000000, 0.5883286037
2397.000000, 0.5882065179
2398.000000, 0.5880844320
2399.000000, 0.5879623462
2400.000000, 0.5878402603
2401.000000, 0.5877181745
2402.000000, 0.5875960887
2403.000000, 0.5874740028
2404.000000, 0.5873519170
2405.000000, 0.5872298311
2406.000000, 0.5871077453
2407.000000, 0.5869856594
2408.000000, 0.5868635736
2409.000000, 0.5867414878
2410.000000, 0.5866194019
2411.000000, 0.5864973161
2412.000000, 0.5863752302
2413.000000, 0.5862531444
2414.000000, 0.5861310585
2415.000000, 0.5860089727
2416.000000, 0.5858868869
2417.000000, 0.5857648010
2418.000000, 0.5856427152
2419.000000, 0.5855219132
2420.000000, 0.5854023563
2421.000000, 0.5852827994
2422.000000, 0.5851632426
2423.000000, 0.5850436857
2424.000000, 0.5849241288
2425.000000, 0.5848045719
2426.000000, 0.5846850151
2427.000000, 0.5845654582
2428.000000, 0.5844459013
2429.000000, 0.5843263444
2430.000000, 0.5842067876
2431.000000, 0.5840872307
2432.000000, 0.5839676738
2433.000000, 0.5838481169
2434.000000, 0.5837285600
2435.000000, 0.5836090032
2436.000000, 0.5834894463
2437.000000, 0.5833698894
2438.000000, 0.5832503325
2439.000000, 0.5831307757
2440.000000, 0.5830112188
2441.000000, 0.5828916619
2442.000000, 0.5827721050
2443.000000, 0.5826525482
2444.000000, 0.5825329913
2445.000000, 0.5824134344
2446.000000, 0.5822938775
2447.000000, 0.5821743207
2448.000000, 0.5820547638
2449.000000, 0.5819352069
2450.000000, 0.5818156500
2451.000000, 0.5816960932
2452.000000, 0.5815765363
2453.000000, 0.5814569794
2454.000000, 0.5813374225
2455.000000, 0.5812178657
2456.000000, 0.5810983088
2457.000000, 0.5809787519
2458.000000, 0.5808591950
2459.000000, 0.5807396382
2460.000000, 0.5806200813
2461.000000, 0.5805005244
2462.000000, 0.5803809675
2463.000000, 0.5802614107
2464.000000, 0.5801418538
2465.000000, 0.5800222969
2466.000000, 0.5799027400
2467.000000, 0.5797831831
2468.000000, 0.5796636263
2469.000000, 0.5795440694
2470.000000, 0.5794245125
2471.000000, 0.5793049556
2472.000000, 0.5791853988
2473.000000, 0.5790658419
2474.000000, 0.5789462850
2475.000000, 0.5788267281
2476.000000, 0.5787071713
2477.000000, 0.5785876144
2478.000000, 0.5784680575
2479.000000, 0.5783485006
2480.000000, 0.5782289438
2481.000000, 0.5781093869
2482.000000, 0.5779898300
2483.000000, 0.5778702731
2484.000000, 0.5777507163
2485.000000, 0.5776311594
2486.000000, 0.5775116025
2487.000000, 0.5773920456
2488.000000, 0.5772724888
2489.000000, 0.5771529319
2490.000000, 0.5770333750
2491.000000, 0.5769138181
2492.000000, 0.5767942613
2493.000000, 0.5766747044
2494.000000, 0.5765551475
2495.000000, 0.5764355906
2496.000000, 0.5763160338
2497.000000, 0.5761964769
2498.000000, 0.5760769200
2499.000000, 0.5759573631
2500.000000, 0.5758378062
2501.000000, 0.5757182494
2502.000000, 0.5755986925
2503.000000, 0.5754791356
2504.000000, 0.5753595787
2505.000000, 0.5752400219
2506.000000, 0.5751204650
2507.000000, 0.5750009081
2508.000000, 0.5748813512
2509.000000, 0.5747617944
2510.000000, 0.5746422375
2511.000000, 0.5745226806
2512.000000, 0.5744031237
2513.000000, 0.5742835669
2514.000000, 0.5741640100
2515.000000, 0.5740444531
2516.000000, 0.5739248962
2517.000000, 0.5738053394
2518.000000, 0.5736857825
2519.000000, 0.5735662256
2520.000000, 0.5734466687
2521.000000, 0.5733273788
2522.000000, 0.5732103017
2523.000000, 0.5730932247
2524.000000, 0.5729761476
2525.000000, 0.5728590705
2526.000000, 0.5727419934
2527.000000, 0.5726249163
2528.000000, 0.5725078392
2529.000000, 0.5723907622
2530.000000, 0.5722736851
2531.000000, 0.5721566080
2532.000000, 0.5720395309
2533.000000, 0.5719224538
2534.000000, 0.5718053767
2535.000000, 0.5716882997
2536.000000, 0.5715712226
2537.000000, 0.5714541455
2538.000000, 0.5713370684
2539.000000, 0.5712199913
2540.000000, 0.5711029142
2541.000000, 0.5709858371
2542.000000, 0.5708687601
2543.000000, 0.5707516830
2544.000000, 0.5706346059
2545.000000, 0.5705175288
2546.000000, 0.5704004517
2547.000000, 0.5702833746
2548.000000, 0.5701662976
2549.000000, 0.5700492205
2550.000000, 0.5699321434
2551.000000, 0.5698150663
2552.000000, 0.5696979892
2553.000000, 0.5695809121
2554.000000, 0.5694638351
2555.000000, 0.5693467580
2556.000000, 0.5692296809
2557.000000, 0.5691126038
2558.000000, 0.5689955267
2559.000000, 0.5688784496
2560.000000, 0.5687613726
2561.000000, 0.5686442955
2562.000000, 0.5685272184
2563.000000, 0.5684101413
2564.000000, 0.5682930642
2565.000000, 0.5681759871
2566.000000, 0.5680589100
2567.000000, 0.5679418330
2568.000000, 0.5678247559
2569.000000, 0.5677076788
2570.000000, 0.5675906017
2571.000000, 0.5674735246
2572.000000, 0.5673564475
2573.000000, 0.5672393705
2574.000000, 0.5671222934
2575.000000, 0.5670052163
2576.000000, 0.5668881392
2577.000000, 0.5667710621
2578.000000, 0.5666539850
2579.000000, 0.5665369080
2580.000000, 0.5664198309
2581.000000, 0.5663027538
2582.000000, 0.5661856767
2583.000000, 0.5660685996
2584.000000, 0.5659515225
2585.000000, 0.5658344455
2586.000000, 0.5657173684
2587.000000, 0.5656002913
2588.000000, 0.5654832142
2589.000000, 0.5653661371
2590.000000, 0.5652490600
2591.000000, 0.5651319830
2592.000000, 0.5650149059
2593.000000, 0.5648978288
2594.000000, 0.5647807517
2595.000000, 0.5646636746
2596.000000, 0.5645465975
2597.000000, 0.5644295204
2598.000000, 0.5643124434
2599.000000, 0.5641953663
2600.000000, 0.5640782892
2601.000000, 0.5639612121
2602.000000, 0.5638441350
2603.000000, 0.5637270579
2604.000000, 0.5636099809
2605.000000, 0.5634929038
2606.000000, 0.5633758267
2607.000000, 0.5632587496
2608.000000, 0.5631416725
2609.000000, 0.5630245954
2610.000000, 0.5629075184
2611.000000, 0.5627904413
2612.000000, 0.5626733642
2613.000000, 0.5625562871
2614.000000, 0.5624392100
2615.000000, 0.5623221329
2616.000000, 0.5622050559
2617.000000, 0.5620879788
2618.000000, 0.5619709017
2619.000000, 0.5618538246
2620.000000, 0.5617367475
2621.000000, 0.5616196704
2622.000000, 0.5615025933
2623.000000, 0.5613855163
2624.000000, 0.5612701567
2625.000000, 0.5611555068
2626.000000, 0.5610408568
2627.000000, 0.5609262068
2628.000000, 0.5608115568
2629.000000, 0.5606969068
2630.000000, 0.5605822569
2631.000000, 0.5604676069
2632.000000, 0.5603529569
2633.000000, 0.5602383069
2634.000000, 0.5601236570
2635.000000, 0.5600090070
2636.000000, 0.5598943570
2637.000000, 0.5597797070
2638.000000, 0.5596650570
2639.000000, 0.5595504071
2640.000000, 0.5594357571
2641.000000, 0.5593211071
2642.000000, 0.5592064571
2643.000000, 0.5590918071
2644.000000, 0.5589771572
2645.000000, 0.5588625072
2646.000000, 0.5587478572
2647.000000, 0.5586332072
2648.000000, 0.5585185572
2649.000000, 0.5584039073
2650.000000, 0.5582892573
2651.000000, 0.5581746073
2652.000000, 0.5580599573
2653.000000, 0.5579453074
2654.000000, 0.5578306574
2655.000000, 0.5577160074
2656.000000, 0.5576013574
2657.000000, 0.5574867074
2658.000000, 0.5573720575
2659.000000, 0.5572574075
2660.000000, 0.5571427575
2661.000000, 0.5570281075
2662.000000, 0.5569134575
2663.000000, 0.5567988076
2664.000000, 0.5566841576
2665.000000, 0.5565695076
2666.000000, 0.5564548576
2667.000000, 0.5563402076
2668.000000, 0.5562255577
2669.000000, 0.5561109077
2670.000000, 0.5559962577
2671.000000, 0.5558816077
2672.000000, 0.5557669578
2673.000000, 0.5556523078
2674.000000, 0.5555376578
2675.000000, 0.5554230078
2676.000000, 0.5553083578
2677.000000, 0.5551937079
2678.000000, 0.5550790579
2679.000000, 0.5549644079
2680.000000, 0.5548497579
2681.000000, 0.5547351079
2682.000000, 0.5546204580
2683.000000, 0.5545058080
2684.000000, 0.5543911580
2685.000000, 0.5542765080
2686.000000, 0.5541618580
2687.000000, 0.5540472081
2688.000000, 0.5539325581
2689.000000, 0.5538179081
2690.000000, 0.5537032581
2691.000000, 0.5535886082
2692.000000, 0.5534739582
2693.000000, 0.5533593082
2694.000000, 0.5532446582
2695.000000, 0.5531300082
2696.000000, 0.5530153583
2697.000000, 0.5529007083
2698.000000, 0.5527860583
2699.000000, 0.5526714083
2700.000000, 0.5525567583
2701.000000, 0.5524421084
2702.000000, 0.5523274584
2703.000000, 0.5522128084
2704.000000, 0.5520981584
2705.000000, 0.5519835084
2706.000000, 0.5518688585
2707.000000, 0.5517542085
2708.000000, 0.5516395585
2709.000000, 0.5515249085
2710.000000, 0.5514102586
2711.000000, 0.5512956086
2712.000000, 0.5511809586
2713.000000, 0.5510663086
2714.000000, 0.5509516586
2715.000000, 0.5508370087
2716.000000, 0.5507223587
2717.000000, 0.5506077087
2718.000000, 0.5504930587
2719.000000, 0.5503784087
2720.000000, 0.5502637588
2721.000000, 0.5501491088
2722.000000, 0.5500344588
2723.000000, 0.5499198088
2724.000000, 0.5498051588
2725.000000, 0.5496905089
2726.000000, 0.5495765916
2727.000000, 0.5494643230
2728.000000, 0.5493520545
2729.000000, 0.5492397860
2730.000000, 0.5491275174
2731.000000, 0.5490152489
2732.000000, 0.5489029803
2733.000000, 0.5487907118
2734.000000, 0.5486784433
2735.000000, 0.5485661747
2736.000000, 0.5484539062
2737.000000, 0.5483416377
2738.000000, 0.5482293691
2739.000000, 0.5481171006
2740.000000, 0.5480048321
2741.000000, 0.5478925635
2742.000000, 0.5477802950
2743.000000, 0.5476680265
2744.000000, 0.5475557579
2745.000000, 0.5474434894
2746.000000, 0.5473312208
2747.000000, 0.5472189523
2748.000000, 0.5471066838
2749.000000, 0.5469944152
2750.000000, 0.5468821467
2751.000000, 0.5467698782
2752.000000, 0.5466576096
2753.000000, 0.5465453411
2754.000000, 0.5464330726
2755.000000, 0.5463208040
2756.000000, 0.5462085355
2757.000000, 0.5460962670
2758.000000, 0.5459839984
2759.000000, 0.5458717299
2760.000000, 0.5457594613
2761.000000, 0.5456471928
2762.000000, 0.5455349243
2763.000000, 0.5454226557
2764.000000, 0.5453103872
2765.000000, 0.5451981187
2766.000000, 0.5450858501
2767.000000, 0.5449735816
2768.000000, 0.5448613131
2769.000000, 0.5447490445
2770.000000, 0.5446367760
2771.000000, 0.5445245075
2772.000000, 0.5444122389
2773.000000, 0.5442999704
2774.000000, 0.5441877018
2775.000000, 0.5440754333
2776.000000, 0.5439631648
2777.000000, 0.5438508962
2778.000000, 0.5437386277
2779.000000, 0.5436263592
2780.000000, 0.5435140906
2781.000000, 0.5434018221
2782.000000, 0.5432895536
2783.000000, 0.5431772850
2784.000000, 0.5430650165
2785.000000, 0.5429527480
2786.000000, 0.5428404794
2787.000000, 0.5427282109
2788.000000, 0.5426159423
2789.000000, 0.5425036738
2790.000000, 0.5423914053
2791.000000, 0.5422791367
2792.000000, 0.5421668682
2793.000000, 0.5420545997
2794.000000, 0.5419423311
2795.000000, 0.5418300626
2796.000000, 0.5417177941
2797.000000, 0.5416055255
2798.000000, 0.5414932570
2799.000000, 0.5413809884
2800.000000, 0.5412687199
2801.000000, 0.5411564514
2802.000000, 0.5410441828
2803.000000, 0.5409319143
2804.000000, 0.5408196458
2805.000000, 0.5407073772
2806.000000, 0.5405951087
2807.000000, 0.5404828402
2808.000000, 0.5403705716
2809.000000, 0.5402583031
2810.000000, 0.5401460346
2811.000000, 0.5400337660
2812.000000, 0.5399214975
2813.000000, 0.5398092289
2814.000000, 0.5396969604
2815.000000, 0.5395846919
2816.000000, 0.5394724233
2817.000000, 0.5393601548
2818.000000, 0.5392478863
2819.000000, 0.5391356177
2820.000000, 0.5390233492
2821.000000, 0.5389110807
2822.000000, 0.5387988121
2823.000000, 0.5386865436
2824.000000, 0.5385742751
2825.000000, 0.5384620065
2826.000000, 0.5383497380
2827.000000, 0.5382374694
2828.000000, 0.5381252009
2829.000000, 0.5380150429
2830.000000, 0.5379050996
2831.000000, 0.5377951563
2832.000000, 0.5376852130
2833.000000, 0.5375752697
2834.000000, 0.5374653264
2835.000000, 0.5373553831
2836.000000, 0.5372454399
2837.000000, 0.5371354966
2838.000000, 0.5370255533
2839.000000, 0.5369156100
2840.000000, 0.5368056667
2841.000000, 0.5366957234
2842.000000, 0.5365857801
2843.000000, 0.5364758368
2844.000000, 0.5363658935
2845.000000, 0.5362559502
2846.000000, 0.5361460069
2847.000000, 0.5360360636
2848.000000, 0.5359261204
2849.000000, 0.5358161771
2850.000000, 0.5357062338
2851.000000, 0.5355962905
2852.000000, 0.5354863472
2853.000000, 0.5353764039
2854.000000, 0.5352664606
2855.000000, 0.5351565173
2856.000000, 0.5350465740
2857.000000, 0.5349366307
2858.000000, 0.5348266874
2859.000000, 0.5347167441
2860.000000, 0.5346068009
2861.000000, 0.5344968576
2862.000000, 0.5343869143
2863.000000, 0.5342769710
2864.000000, 0.5341670277
2865.000000, 0.5340570844
2866.000000, 0.5339471411
2867.000000, 0.5338371978
2868.000000, 0.5337272545
2869.000000, 0.5336173112
2870.000000, 0.5335073679
2871.000000, 0.5333974246
2872.000000, 0.5332874814
2873.000000, 0.5331775381
2874.000000, 0.5330675948
2875.000000, 0.5329576515
2876.000000, 0.5328477082
2877.000000, 0.5327377649
2878.000000, 0.5326278216
2879.000000, 0.5325178783
2880.000000, 0.5324079350
2881.000000, 0.5322979917
2882.000000, 0.5321880484
2883.000000, 0.5320781051
2884.000000, 0.5319681618
2885.000000, 0.5318582186
2886.000000, 0.5317482753
2887.000000, 0.5316383320
2888.000000, 0.5315283887
2889.000000, 0.5314184454
2890.000000, 0.5313085021
2891.000000, 0.5311985588
2892.000000, 0.5310886155
2893.000000, 0.5309786722
2894.000000, 0.5308687289
2895.000000, 0.5307587856
2896.000000, 0.5306488423
2897.000000, 0.5305388991
2898.000000, 0.5304289558
2899.000000, 0.5303190125
2900.000000, 0.5302090692
2901.000000, 0.5300991259
2902.000000, 0.5299891826
2903.000000, 0.5298792393
2904.000000, 0.5297692960
2905.000000, 0.5296593527
2906.000000, 0.5295494094
2907.000000, 0.5294394661
2908.000000, 0.5293295228
2909.000000, 0.5292195796
2910.000000, 0.5291096363
2911.000000, 0.5289996930
2912.000000, 0.5288897497
2913.000000, 0.5287798064
2914.000000, 0.5286698631
2915.000000, 0.5285599198
2916.000000, 0.5284499765
2917.000000, 0.5283400332
2918.000000, 0.5282300899
2919.000000, 0.5281201466
2920.000000, 0.5280102033
2921.000000, 0.5279002601
2922.000000, 0.5277903168
2923.000000, 0.5276803735
2924.000000, 0.5275704302
2925.000000, 0.5274604869
2926.000000, 0.5273505436
2927.000000, 0.5272406003
2928.000000, 0.5271306570
2929.000000, 0.5270207137
2930.000000, 0.5269107704
2931.000000, 0.5268019862
2932.000000, 0.5266943260
2933.000000, 0.5265866658
2934.000000, 0.5264790056
2935.000000, 0.5263713454
2936.000000, 0.5262636852
2937.000000, 0.5261560250
2938.000000, 0.5260483648
2939.000000, 0.5259407046
2940.000000, 0.5258330444
2941.000000, 0.5257253842
2942.000000, 0.5256177240
2943.000000, 0.5255100638
2944.000000, 0.5254024036
2945.000000, 0.5252947434
2946.000000, 0.5251870832
2947.000000, 0.5250794230
2948.000000, 0.5249717628
2949.000000, 0.5248641026
2950.000000, 0.5247564424
2951.000000, 0.5246487822
2952.000000, 0.5245411220
2953.000000, 0.5244334618
2954.000000, 0.5243258016
2955.000000, 0.5242181414
2956.000000, 0.5241104812
2957.000000, 0.5240028210
2958.000000, 0.5238951608
2959.000000, 0.5237875006
2960.000000, 0.5236798404
2961.000000, 0.5235721802
2962.000000, 0.5234645200
2963.000000, 0.5233568598
2964.000000, 0.5232491996
2965.000000, 0.5231415394
2966.000000, 0.5230338793
2967.000000, 0.5229262191
2968.000000, 0.5228185589
2969.000000, 0.5227108987
2970.000000, 0.5226032385
2971.000000, 0.5224955783
2972.000000, 0.5223879181
2973.000000, 0.5222802579
2974.000000, 0.5221725977
2975.000000, 0.5220649375
2976.000000, 0.5219572773
2977.000000, 0.5218496171
2978.000000, 0.5217419569
2979.000000, 0.5216342967
2980.000000, 0.5215266365
2981.000000, 0.5214189763
2982.000000, 0.5213113161
2983.000000, 0.5212036559
2984.000000, 0.5210959957
2985.000000, 0.5209883355
2986.000000, 0.5208806753
2987.000000, 0.5207730151
2988.000000, 0.5206653549
2989.000000, 0.5205576947
2990.000000, 0.5204500345
2991.000000, 0.5203423743
2992.000000, 0.5202347141
2993.000000, 0.5201270539
2994.000000, 0.5200193937
2995.000000, 0.5199117335
2996.000000, 0.5198040733
2997.000000, 0.5196964131
2998.000000, 0.5195887529
2999.000000, 0.5194810927
3000.000000, 0.5193734325
